{"assets/fonts/Raleway/Raleway-Bold.ttf":["assets/fonts/Raleway/Raleway-Bold.ttf"],"assets/fonts/Raleway/Raleway-Medium.ttf":["assets/fonts/Raleway/Raleway-Medium.ttf"],"assets/fonts/Raleway/Raleway-Regular.ttf":["assets/fonts/Raleway/Raleway-Regular.ttf"],"assets/fonts/Raleway/Raleway-SemiBold.ttf":["assets/fonts/Raleway/Raleway-SemiBold.ttf"],"assets/icons/behance-alt.svg":["assets/icons/behance-alt.svg"],"assets/icons/feather_dribbble.svg":["assets/icons/feather_dribbble.svg"],"assets/icons/feather_message-square.svg":["assets/icons/feather_message-square.svg"],"assets/icons/feather_search.svg":["assets/icons/feather_search.svg"],"assets/icons/feather_share-2.svg":["assets/icons/feather_share-2.svg"],"assets/icons/feather_thumbs-up.svg":["assets/icons/feather_thumbs-up.svg"],"assets/icons/feather_twitter.svg":["assets/icons/feather_twitter.svg"],"assets/icons/logo.svg":["assets/icons/logo.svg"],"assets/images/0.png":["assets/images/0.png"],"assets/images/1.png":["assets/images/1.png"],"assets/images/2.png":["assets/images/2.png"],"assets/images/recent_1.png":["assets/images/recent_1.png"],"assets/images/recent_2.png":["assets/images/recent_2.png"],"packages/cupertino_icons/assets/CupertinoIcons.ttf":["packages/cupertino_icons/assets/CupertinoIcons.ttf"]}